return_id,order_id,customer_id,product_id,return_date,returned_qty,shipped_qty,return_reason
R0501,O1014,C010,P001,2026-07-04,2,17,품질문의
R0502,O1030,C004,P001,2026-06-07,1,1,파손
R0503,O1031,C001,P012,2026-06-04,2,19,오배송
R0504,O1036,C005,P002,2026-06-28,2,11,오배송
R0505,O1047,C004,P012,2026-06-23,1,9,품질문의
R0506,O1055,C007,P003,2026-07-11,1,4,품질문의
R0507,O1058,C002,P001,2026-09-06,2,9,단순변심
R0508,O1059,C003,P010,2026-08-22,1,8,단순변심
R0509,O1064,C006,P007,2026-06-22,1,8,오배송
R0510,O1068,C009,P007,2026-05-09,1,2,파손
R0511,O1069,C002,P009,2026-05-19,1,7,파손
R0512,O1072,C004,P005,2026-07-07,1,25,단순변심
R0513,O1086,C002,P009,2026-05-27,1,4,오배송
R0514,O1092,C002,P002,2026-09-07,3,20,품질문의
R0515,O1095,C010,P008,2026-05-31,1,19,단순변심
R0516,O1100,C008,P010,2026-06-01,2,9,품질문의
R0517,O1102,C001,P008,2026-07-09,1,1,품질문의
R0518,O1104,C001,P012,2026-07-31,1,7,단순변심
R0519,O1106,C003,P010,2026-09-01,2,8,파손
R0520,O1108,C008,P001,2026-07-16,1,4,단순변심
R0521,O1115,C001,P004,2026-09-05,1,6,품질문의
R0522,O1118,C002,P012,2026-06-17,1,13,단순변심
R0523,O1119,C005,P012,2026-08-05,1,9,오배송
R0524,O1130,C008,P002,2026-09-20,1,9,품질문의
R0525,O1134,C009,P007,2026-06-23,1,4,오배송
R0526,O1136,C009,P011,2026-09-07,2,8,품질문의
R0527,O1140,C010,P006,2026-05-09,1,11,오배송
R0528,O1145,C002,P001,2026-09-03,1,4,파손
R0529,O1148,C010,P001,2026-08-19,1,6,오배송
R0530,O1157,C001,P001,2026-05-19,1,9,파손
R0531,O1161,C006,P006,2026-07-25,3,15,품질문의
R0532,O1167,C002,P009,2026-07-27,1,3,단순변심
R0533,O1169,C002,P009,2026-05-08,4,25,오배송
R0534,O1171,C001,P002,2026-05-13,1,8,품질문의
R0535,O1172,C004,P001,2026-07-27,1,6,품질문의
R0536,O1174,C004,P001,2026-08-02,3,18,품질문의
